,company_name,company_url
18796,Intersect Power,http://www.intersectpower.com/
18797,RoadRunner Recycling,https://www.roadrunnerwm.com/company
18798,Converge Technology Solutions Corp.,https://convergetp.com/
18799,Outbrain,https://www.outbrain.com/
18800,Max Eleven,http://www.maxeleven.com
18801,PINPOINT Resource Group,http://www.pinpointrg.com
18802,BostonGene,http://www.bostongene.com/
18803,The Master Lock Company,https://www.masterlock.com/
18804,FluentStream,https://www.fluentstream.com/
18805,Lightwell Inc. (now Eliassen Group),https://www.lightwellinc.com/
18806,Farther,https://farther.com/
18807,The Southern Reconstruction Fund,https://www.southernreconstructionfund.org/
18808,M&A Leadership Council,http://www.macouncil.org/
18809,Sage Sustainable Electronics,http://www.sagese.com
18810,Visionworks of America,http://www.visionworks.com/
18811,Anderson Roberts,http://www.anderson-roberts.com/
18812,Leggett & Platt,http://www.leggett.com
18813,Castro & Company,http://www.castroco.com
18814,Marlinspike,https://marlinspike.us/
18816,Modern Wealth,http://www.modernwealthllc.com
18817,Seminole Hard Rock Support Services,https://shrss-seminole.icims.com/jobs/intro?hashed=-435737845&mobile=false&width=1170&height=500&bga=true&needsRedirect=false&jan1offset=-300&jun1offset=-240
18818,BuyMyInvoice,http://www.buymyinvoice.co/
18819,Recurrent Ventures,https://recurrent.io/
18820,Gigantor Technologies Inc.,http://www.gigantor.com/
18821,National Association of Boards of Pharmacy,http://nabp.pharmacy
18822,Cigniti Technologies,https://www.cigniti.com/
18823,HealthJoy,http://www.healthjoy.com
18824,"Cerebral Staffing, LLC",http://www.CerebralStaff.com
18825,The Langston Co.,http://www.thelangstonco.com
18826,"ProSciento, Inc.",https://prosciento.com/
18827,Cheetah Digital,http://cheetahdigital.com
18828,KORE Power,https://korepower.com/
18829,Visron Technical,http://www.visrontechnical.com
18830,Allianz Australia,https://www.allianz.com.au
18831,Women in Finance QLD,http://www.womeninfinance.com.au/
18832,Frazer Tremble - Recruitment & Consulting ,http://www.ftexecutive.com.au
18833,Grow To Wealth,http://www.growtowealth.com/newcareer
18834,WunderTraining,http://wundertraining.com.au/
18835,OFX,https://www.ofx.com/
18836,Calven,https://calven.com/
18837,Accelerated Enrollment Solutions,http://www.globalAES.com
18838,AMP,http://www.amp.com.au
18839,Rural Bank,http://www.ruralbank.com.au
18840,DealMaker,https://dealmaker.tech
18841,VendorPM,https://vendorpm.com
18842,VinFast Canada,https://vinfastauto.ca/
18843,Workplace Safety & Prevention Services,http://www.wsps.ca
18844,Orchestro assurances et rentes collectives,https://orchestro.ca/
18845,Heliolytics,http://www.heliolytics.com
18846,Artemis Recrutement,http://www.artemisrecrutement.com
18847,Lightning Real Property Group Inc.,http://www.lightningcapital.ca
18848,Willson International Limited,http://www.willsonintl.com/
18849,AETEA Information Technology,http://www.aetea.com
18850,Credivera,http://credivera.com
18852,kul grilles,http://www.kulgrilles.com
18853,Omnicom Media Group,http://www.omnicommediagroup.com
18854,LifeScan,http://www.lifescan.com
18855,CDW Canada,http://www.CDW.ca
18856,GoFor Delivers,http://www.gofordelivers.com/
18857,Quark Expeditions,http://www.quarkexpeditions.com/?utm_source=linkedin-post&utm_medium=social&utm_campaign=social-general&utm_content=homepage-link-from-linkedin
18858,Colony Digital ,http://www.colonydigital.ca
18859,AFL,http://www.AFLglobal.com
18860,American Express,https://www.americanexpress.com/
18861,McCarthy T√©trault,https://www.mccarthy.ca/en
18862,Plurilock,https://www.plurilock.com/
18863,Overstory Media Group,https://www.omgmedia.com/
18864,"Search Success Partners, LLC",https://searchsuccesspartners.com/
18865,Refined Substance,http://www.refinedsubstance.com
18866,Elemental,https://elementalinc.com/
18867,Fleet Complete,http://www.fleetcomplete.com
18868,Global Strategic Solutions Division of ICON plc,http://www.prahs.com
18869,Sherweb,https://www.sherweb.com/?utm_medium=Social&utm_source=LinkedIn&utm_content=CustomButton
18870,eCivis,http://www.ecivis.com/
18871,TalentSphere Staffing Solutions,https://talentsphere.ca
18872,Revitaled Reintegration Services,https://www.revitaled.ca
18873,Netcetera - Software matters,https://netcetera.com
18874,Investinu Banking,http://www.investinugroup.com/banking
18875,Royal London,https://jobs.royallondon.com/
18876,Bryn McMillan Consulting ,http://www.brynmcmillanconsulting.co.uk
18877,Novus,https://novus.world/downloadapp
18878,VirtueTech Recruitment Group,http://www.VirtueTech.io
18879,Complete HealthVizion,http://www.complete-hv.com
18880,Mentor Talent Acquisition,http://www.mentortalent.ie/
18881,Oxygen,https://oxygen.us
18882,"Barlow Research Associates, Inc.",http://www.barlowresearch.com
18883,Raycon Inc.,http://www.getraycon.com
18884,Atria Wealth Solutions,http://atriawealth.com/
18885,GammaX,https://gammax.exchange/
18886,Remble,http://www.remble.com
18887,MedStar Health,https://www.medstarhealth.org/
18888,Peregrin - Technology Solutions For Creditors,http://www.peregrin.com
18889,Segmint,https://www.segmint.com
18890,Simplify Healthcare,https://simplifyhealthcare.com
18891,"Premier Tech, Inc.",http://www.ptech-info.com
18892,U.S. Retirement & Benefits Partners,http://www.usrbpartners.com
18893,Relief App,http://relief.app
18894,"Kaeppel Consulting, LLC",http://www.kaeppelconsulting.com/
18895,DNA ,http://www.dnaseattle.com
18896,AAA INTERGALACTICüöÄüèÜ INVESTMENTS Corp. ,https://aaa-intergalactic-investments.com/
18897,Recovery Centers of America,https://recoverycentersofamerica.com/careers-at-rca/
18898,Kasasa,http://www.kasasa.com/
18899,Benitago,https://www.benitago.com
18900,Orion Worldwide,https://careers.orionworldwide.com/
18901,"Harvard Partners, LLP",http://www.harvardpartners.com
18903,First Financial Bank,http://www.bankatfirst.com/
18904,Algo,https://algo.com/
18905,MCRA,http://www.mcra.com
18906,Avania,https://www.avaniaclinical.com/
18907,Dragonfly,http://DragonflyCommerce.com
18908,Lumin Digital,https://lumindigital.com/
18909,Voice,http://www.voice.com/
18910,Woven Planet Holdings,https://www.woven-planet.global/
18911,Special Hope Network,http://www.specialhopenetwork.org/
18912,ACES Quality Management,https://www.acesquality.com/
18913,BentoBox,http://getbento.com/linkedin
18914,FUNDINGO,http://fundingo.com
18915,Alcanza Clinical Research,https://alcanzaclinical.com
18916,Emprise Bank,http://www.emprisebank.com
18917,"Martek Global Services, Inc.",http://www.martekglobal.com
18918,StreetID,http://www.streetidtech.com
18919,MerchantE,http://www.merchante.com
18920,ITAG LLC,http://www.itag-us.com
18921,GreenState Credit Union,http://www.greenstatecu.org/
18922,Ingo Money,https://ingomoney.com/
18923,DSM,http://www.dsm.com/
18924,"AgReliant Genetics, LLC",http://www.agreliantgenetics.com
18925,"STONEHAVEN, LLC",https://stonehaven-llc.com/
18926,BrightFi,http://www.brightfiservices.com
18927,Ledgebrook,https://www.ledgebrook.com/
18928,Garrison Associates LLC,https://www.garrison-assoc.com
18929,Travere Therapeutics,https://www.travere.com
18930,Penn Foster,http://partners.pennfoster.edu
18931,Vic.ai,https://www.vic.ai
18932,Element 6 Solutions,http://www.element6solutions.com
18933,The Culinistas HQ,http://www.theculinistas.com
18934,Biosion,http://www.biosion.com/
18935,Park National Bank,https://www.parknationalbank.com
18936,Credit Union National Association,http://www.cuna.org
18937,eBuzz Solutions,https://www.ebuzzsolutionsllc.com/
18938,Eastern Union,https://easternunion.com/?utm_source=LinkedIn&utm_medium=social&utm_campaign=EU_Profile_Button
18939,MissionSquare Retirement,https://www.missionsq.org/
18940,Marine Credit Union,http://www.marinecu.com/careers
18941,Bitcoin Depot,https://bitcoindepot.com/
18942,Gallagher Re,https://www.ajg.com/gallagherre/
18943,Homepoint,https://www.homepoint.com/
18944,BKS Partners,https://bks-partners.com/
18945,"Konica Minolta Business Solutions U.S.A., Inc.",https://kmbs.konicaminolta.us/?utm_source=linkedin&utm_medium=organic%20social&utm_campaign=social%20media
18946,Innovid,http://www.innovid.com/
18947,One Detroit Credit Union,http://www.onedetroitcu.org/
18948,Offerpad,https://www.offerpad.com/
18949,California First National Bank,https://www.calfirst.com/
18950,Hyperproof,https://hyperproof.io/?utm_source=linkedin&utm_medium=button&utm_campaign=profile
18951,Capital Mortgages,http://www.capitalmortgages.com
18952,FirstOntario Credit Union,https://www.firstontario.com
18953,"Commissionaires Victoria, the Islands and Yukon",https://www.commissionairesviy.ca/
18954,PeopleScout,http://www.peoplescout.com
18955,Ownr,https://www.ownr.co/
18956,Making Life Forever Wealthful,https://www.luannebernhardt.com/linkedin/
18957,Imports_ExportsCentre,https://imports-exports-centre-rymg1.whats.bz
18958,Cambridge Spark,https://www.cambridgespark.com/
18959,Cirrico,https://cirrico.com
18960,Heritage Parts Centre,http://www.heritagepartscentre.com
18961,Harris Hill Charity Recruitment Specialists,http://www.harrishill.co.uk/
18962,MyGoHire,http://www.mygohire.com/
18963,Dotter ,http://www.dotter.me/
18964,Solus Lab,http://www.soluslab.co.uk/
18965,JAC Group,https://www.jacgroup.com/
18966,SmartSearch,http://www.smartsearch.com
18967,Carte Blanche Group,http://www.cbg.co.uk
18968,Meridian HealthComms,https://www.meridian-health.com
18969,Progress Sales Recruitment Ltd,http://www.progressuk.com
18970,Kineo,http://kineo.com
18971,WhereScape Data Warehouse Automation,http://www.wherescape.com/
18972,Mango Solutions Recruitment Ltd,http://www.mangosolutions.net
18973,DeepL,http://www.DeepL.com
18974,UniCarriers,http://www.unicarriers.co.jp/en/
18975,Sharpist,https://www.sharpist.com
18976,Open Search Group,https://opensearchgroup.com/
18977,Community Led Initiatives CIC,http://www.communityled.org.uk
18978,The New Normal Charity,https://www.thenewnormalcharity.com/
18979,2M Employment Solutions Limited,http://www.2mes.co.uk
18980,Citation Professional Solutions,http://www.citation.co.uk
18981,Get Recruited,http://www.get-recruited.co.uk
18982,Vantage Consulting ,http://www.vantageconsulting.co.uk/
18983,Castellan Solutions,https://castellanbc.com/
18984,Entrust,https://www.entrust.com/
18985,Monsoon Consulting,http://www.monsoonconsulting.com
18986,Cybereason,http://www.cybereason.com/
18987,Armis,http://armis.com/
18988,GEP Worldwide,https://www.gep.com/
18989,North Shropshire Homecare Limited,http://www.northshropshirehomecare.co.uk
18990,Cognitant Group Limited,https://www.cognitant.com
18991,NELFT NHS Foundation Trust,http://www.nelft.nhs.uk
18992,SyncVault,https://syncvault.com/index.html
18993,Paragon Locums,http://www.paragonlocums.co.uk/
18994,DEBRA UK,http://www.debra.org.uk
18995,WithU,http://www.withutraining.com
18996,VouchedFor,http://www.vouchedfor.co.uk
18997,Inspera,http://www.inspera.com
18998,Perspectium,http://www.perspectium.com/
18999,MassEnergize,https://massenergize.org
19000,EnthuZiastic,http://enthu.com/
19001,Kensington International Executive Search,https://ki-search.com
19002,SnapCell,http://www.snapcell.us.com
19003,Massive Bio,https://massivebio.com
19004,The James Collective,http://www.thejamescollective.com/
19005,Promotehour,http://promotehour.com
19006,"Powur, PBC",https://www.powur.com
19007,Lions + Tigers,https://lions-tigers.com/
19008,TalentWoo,http://www.talentwoo.com
19009,"Your Realty Leverage, Inc.",http://www.yourrealtyleverage.com/
