Company_Name,Url
Acquco,http://www.Acqu.co
Acxiom,http://www.acxiom.com
aescape,http://aescape.co
aescape,https://www.cadence.com/cdn-cgi/l/email-protection
AiTou Technology,http://aitou.io
Amiqus,https://amiqus.co/
Amiqus,https://www.cadence.com/assets/certificates/Amiqus_ISO270017_certificate.pdf
Amiqus,https://www.cadence.com/assets/certificates/Amiqus_CyberEssentials_certificate.pdf
AppDirect,http://www.appdirect.com
Authenticx,http://authenticx.com/
Bending Spoons,https://bendingspoons.com
Bending Spoons,http://www.reedps.com/press@bendingspoons.com
Bending Spoons,http://www.reedps.com/products
Bending Spoons,http://www.reedps.com/careers
Bending Spoons,http://www.reedps.com/people
Bending Spoons,http://www.reedps.com/home
Bending Spoons,http://www.reedps.com/undefined
Bending Spoons,http://www.reedps.com/technologies
Bending Spoons,http://www.reedps.com/
Bending Spoons,http://www.reedps.com/hello@bendingspoons.com
Bending Spoons,http://www.reedps.com/manifesto
Bending Spoons,https://www.cadence.com/02038554450
Block,https://block.xyz/
Block,https://www.cadence.com/careers
Block,https://www.cadence.com/legal
Block,https://www.cadence.com/mediakit
Blockchain Talent,https://www.blockchain-talent.com
bodo.ai,https://bodo.ai
BTP,http://www.blockchaintp.com
BTP,http://www.remithq.com
BTP,http://www.remithq.com/void(0)
BTP,http://www.remithq.com/sextant
BTP,http://www.remithq.com/chronicle
Calix,http://www.calix.com
Capgemini Engineering,http://www.capgemini-engineering.com
Cignition,http://cignition.com
Cignition,https://www.cadence.com/schools
Collectable,https://www.collectable.com
Collectable,https://www.cadence.com/cdn-cgi/l/email-protection
Collectable,https://www.cadence.com/+1-833-995-2178
Compuco,http://www.compuco.io
Cornea,https://cornea.is
Cornea,https://www.cadence.com/cdn-cgi/l/email-protection
Creamos Solutions Inc,http://www.creamossolutions.com
Crimson,http://www.crimson.co.uk
Deluxe,http://www.deluxe.com
Dropbox,http://www.dropbox.com/smart-workspace
Dropbox,https://www.cadence.com/nb_NO/smart-workspace
Dropbox,https://www.cadence.com/zh_CN/smart-workspace
Dropbox,https://www.cadence.com/pt_BR/smart-workspace
Dropbox,https://www.cadence.com/it/smart-workspace
Dropbox,https://www.cadence.com/es/smart-workspace
Dropbox,https://www.cadence.com/ja/smart-workspace
Dropbox,https://www.cadence.com/sv_SE/smart-workspace
Dropbox,https://www.cadence.com/de/smart-workspace
Dropbox,https://www.cadence.com/ms/smart-workspace
Dropbox,https://www.cadence.com/smart-workspace
Dropbox,https://www.cadence.com/id/smart-workspace
Dropbox,https://www.cadence.com/en_GB/smart-workspace
Dropbox,https://www.cadence.com/pl/smart-workspace
Dropbox,https://www.cadence.com/ko/smart-workspace
Dropbox,https://www.cadence.com/th_TH/smart-workspace
Dropbox,https://www.cadence.com/zh_TW/smart-workspace
Dropbox,https://www.cadence.com/fr/smart-workspace
Dropbox,https://www.cadence.com/da_DK/smart-workspace
Dropbox,https://www.cadence.com/nl_NL/smart-workspace
Dropbox,https://www.cadence.com/es_ES/smart-workspace
Dropbox,https://www.cadence.com/ru/smart-workspace
Echosec Systems,https://info.echosec.net/request-a-consultation/
Echosec Systems,https://www.cadence.com/request-a-consultation/
Echosec Systems,https://www.cadence.com/request-a-consultation/void(0)
EdVisorly,https://www.edvisorly.com
EdVisorly,https://www.cadence.com/hello@edvisorly.com
European Recruitment,http://www.eu-recruit.com
Fable,https://fable.app
FastTek Global,http://www.fasttek.com
Flex A.I.,https://getflex.fitness/
"Foldscope Instruments, Inc.",http://www.foldscope.com
FRAME - let's launch!,http://letsframe.io
Frontpoint,http://www.frontpointsecurity.com
Glidian,http://www.glidian.com
globalbridge,https://www.myglobalbridge.com/home
GoTo,https://www.goto.com/
Grassdoor,http://www.grassdoor.com
Grassdoor,https://www.cadence.com/product/whitethorn-rose
Grassdoor,https://www.cadence.com/product/blackberry-kush-18637
Grassdoor,https://www.cadence.com/product/arroz-con-leche
Grassdoor,https://www.cadence.com/product/lucid-blue
Grassdoor,https://www.cadence.com/product/lemon-tree
Grassdoor,https://www.cadence.com/product/3-kings
Grassdoor,https://www.cadence.com/product/jet-fuel-og
Grassdoor,https://www.cadence.com/product/strawberry-milk-26201
Grassdoor,https://www.cadence.com/product/manzana-verde
Grassdoor,https://www.cadence.com/product/hawaiian-snow
Grassdoor,https://www.cadence.com/weed-delivery-cities
Grassdoor,https://www.cadence.com/shop/labor-day-weekend-sale-save-30-off
Grassdoor,https://www.cadence.com/product/mendo-crumble-6931
Grassdoor,https://www.cadence.com/shop/california-sun-grown
Grassdoor,https://www.cadence.com/product/high-society-18652
Grassdoor,https://www.cadence.com/product/cereza
Grassdoor,https://www.cadence.com/login
Grassdoor,https://www.cadence.com/product/mom-s-weed
Grassdoor,https://www.cadence.com/shop/indoor
GroundTruth,http://www.GroundTruth.com
hackajob,https://hackajob.co/?utm_source=linkedin&utm_medium=organic&utm_campaign=button
hackajob,https://www.cadence.com/talent
hackajob,https://www.cadence.com/talent/sign-up
hackajob,https://www.cadence.com/employer
Harvey Nash USA,https://www.harveynashusa.com/
Hastrec,http://www.hastrec.com
Hastrec,https://www.cadence.com/ben.hastings@hastrec.com
Heroic Story,https://discord.gg/heroicstory
Hireme,https://hireme.mx
honu.ai,https://www.notion.so/honu-ai-job-board-9aeade96524544e19f4d67c90f2280c0
iA,http://iarx.com/
Kalo Solutions,http://www.kalosolutions.com
Kalo Solutions,https://www.cadence.com/cgrudecki@kalosolutions.com
Kalo Solutions,https://www.cadence.com/3123873031
KUKA,https://www.kuka.com/en-de/company/contact/contact-form
KUKA,https://www.cadence.com/en-de/industries/health-care/projects
KUKA,https://www.cadence.com/en-de/industries/other-industries/entertainment-industry/amusement-rides/kuka-coaster
KUKA,https://www.cadence.com/en-de/industries/health-care/3d-virtual-showroom
KUKA,https://www.cadence.com/en-de/industries/metal-industry/arc-welding
KUKA,https://www.cadence.com/en-de/products/robot-systems/software/application-software/kuka_cnc
KUKA,https://www.cadence.com/en-de/services/service-for-robots-and-machines/servicing-of-kuka-industries-products
KUKA,https://www.cadence.com/en-de/products/robot-systems/software
KUKA,https://www.cadence.com/en-de/products/production-systems/manufacturing-cells/kuka-cell4_loading
KUKA,https://www.cadence.com/en-de/future-production/research-and-development/research-collaborations
KUKA,https://www.cadence.com/en-de/industries/other-industries/nuclear-decomissioning
KUKA,https://www.cadence.com/en-de/products/mobility/mobile-platforms
KUKA,https://www.cadence.com/en-de/products/robot-systems/laser-cutting-gantry
KUKA,https://www.cadence.com/en-de/products/production-systems/standard-products-for-automation/plant-systems/ks-bolt
KUKA,https://www.cadence.com/en-de/products/production-machines/foundry-products/sliding-tilting-table-press
KUKA,https://www.cadence.com/en-de/products/production-systems/technology-consulting/technology-development
KUKA,https://www.cadence.com/en-de/products/robot-systems/software/cloud-software/kuka-xpert
KUKA,https://www.cadence.com/en-de/products/production-systems/automotive-systems-engineering/body-in-white-production
KUKA,https://www.cadence.com/en-de/products/robot-systems/robot-controllers
KUKA,https://www.cadence.com/en-de/products/robot-systems/robot-periphery/positioners/dkp
KUKA,https://www.cadence.com/en-de/company/careers/school-students/apprenticeship/lathe-or-milling-machine-operator
KUKA,https://www.cadence.com/en-de/products/robot-systems/robot-periphery/positioners/kp1-hc
KUKA,https://www.cadence.com/en-de/products
KUKA,https://www.cadence.com/en-de/company/careers/school-students/dual-studies/electrical-engineering-co-operative-education-program
KUKA,https://www.cadence.com/en-de/industries/health-care/team-and-service
KUKA,https://www.cadence.com/en-de/company/careers/school-students/apprenticeship/it-specialist
KUKA,https://www.cadence.com/en-de
KUKA,https://www.cadence.com/en-de/future-production/industrie-4-0/industry-4-0-intelligent-machines
KUKA,https://www.cadence.com/en-de/products/robot-systems/software/cloud-software
KUKA,https://www.cadence.com/en-de/products/production-systems
KUKA,https://www.cadence.com/en-de/services/service-for-robots-and-machines/servicing-and-maintenance/servicing-and-maintenance-packages-for-kuka-systems
KUKA,https://www.cadence.com/en-de/future-production/megatrends/shift-in-economic-power
KUKA,https://www.cadence.com/en-de/products/robot-systems/software/planning-project-engineering-service-safety/kuka_officelite
KUKA,https://www.cadence.com/en-de/company/events-and-webinars
KUKA,https://www.cadence.com/en-de/industries/metal-industry/foundry-and-forging-industry
KUKA,https://www.cadence.com/en-de/products/robot-systems/robot-periphery/positioners/kp1-mdc
KUKA,https://www.cadence.com/en-de/company/careers/students/writing-a-thesis
KUKA,https://www.cadence.com/en-de/products/robot-systems/robot-periphery/linear-units/kl-4000
KUKA,https://www.cadence.com/en-de/products/robot-systems/robot-periphery/positioners/kp3-h2h
KUKA,https://www.cadence.com/en-de/company/careers/school-students/dual-studies/dual-integrated-studies-in-information-technology
KUKA,https://www.cadence.com/en-de/industries/other-industries
KUKA,https://www.cadence.com/en-de/products/production-systems/manufacturing-cells/kuka-cell4_spot
KUKA,https://www.cadence.com/en-de/products/production-systems/technology-consulting/project-management
KUKA,https://www.cadence.com/en-de/company/careers/school-students/dual-studies
KUKA,https://www.cadence.com/en-de/products/robot-systems/robot-periphery/positioners/kp1-mc
KUKA,https://www.cadence.com/en-de/company/investor-relations/corporate-governance/compensation-report
KUKA,https://www.cadence.com/en-de/company/careers/professionals-with-experience
KUKA,https://www.cadence.com/en-de/future-production/research-and-development
KUKA,https://www.cadence.com/en-de/company/careers/school-students/apprenticeship/electronics-technician-for-automation-technology
KUKA,https://www.cadence.com/en-de/products/robot-systems/robot-controllers/mikuka
KUKA,https://www.cadence.com/en-de/future-production/iiqka/join-the-iiqka-journey
KUKA,https://www.cadence.com/en-de/company/about-kuka/sustainability/responsibility-as-an-employer
KUKA,https://www.cadence.com/en-de/company/careers/students
KUKA,https://www.cadence.com/en-de/company/contact
KUKA,https://www.cadence.com/en-de/future-production/research-and-development/research-collaborations/translearn
KUKA,https://www.cadence.com/en-de/products/robot-systems/robot-periphery/positioners/kp2-hv-hw
KUKA,https://www.cadence.com/en-de/future-production/iiqka/getting-started-with-iiqka
KUKA,https://www.cadence.com/en-de/company/investor-relations
KUKA,https://www.cadence.com/en-de/industries/health-care/swisslog-healthcare
KUKA,https://www.cadence.com/en-de/future-production/megatrends/demographic-change
KUKA,https://www.cadence.com/en-de/company/investor-relations/creditor
KUKA,https://www.cadence.com/en-de/company/about-kuka/corporate-compliance
KUKA,https://www.cadence.com/en-at/company/contact/contact-form
KUKA,https://www.cadence.com/en-de/company/investor-relations/corporate-governance/auditors
KUKA,https://www.cadence.com/en-de/industries/consumer-goods-industry/automation-food-industry
KUKA,https://www.cadence.com/en-de/products/production-systems/standard-products-for-automation/parts-feed/ks-cyclemove
KUKA,https://www.cadence.com/en-de/products/production-systems/automotive-systems-engineering/assembly
KUKA,https://www.cadence.com/en-de/services/service-for-robots-and-machines/servicing-and-maintenance
KUKA,https://www.cadence.com/en-de/future-production/human-robot-collaboration
KUKA,https://www.cadence.com/en-de/company/press/media-library
KUKA,https://www.cadence.com/en-de/company/investor-relations/corporate-governance
KUKA,https://www.cadence.com/en-de/company/about-kuka/sustainability
KUKA,https://www.cadence.com/en-de/products/robot-systems/robot-periphery/positioners/kp1-v2t
KUKA,https://www.cadence.com/en-ca/company/contact/contact-form
KUKA,https://www.cadence.com/en-de/products/robot-systems/software/application-software/kuka_pallettech
KUKA,https://www.cadence.com/en-de/company/careers
KUKA,https://www.cadence.com/en-de/services/service-for-robots-and-machines/production-cells-services
KUKA,https://www.cadence.com/en-de/industries/metal-industry/machine-tools
KUKA,https://www.cadence.com/en-de/company/investor-relations/reports-and-presentations
KUKA,https://www.cadence.com/en-de/products/robot-systems/robot-controllers/kr-c5-micro
KUKA,https://www.cadence.com/en-de/products/robot-systems/ready2_use/kuka-ready2_rivet
KUKA,https://www.cadence.com/en-au/company/contact/contact-form
KUKA,https://www.cadence.com/en-de/products/robot-systems/software/application-software/kuka_pickcontrol
KUKA,https://www.cadence.com/en-de/products/robot-systems/robot-periphery/linear-units/kl-100
KUKA,https://www.cadence.com/en-de/products/mobility/mobile-robots/kmr-iiwa
KUKA,https://www.cadence.com/en-de/products/production-machines/foundry-products
KUKA,https://www.cadence.com/en-de/company/about-kuka/brand/stromae
KUKA,https://www.cadence.com/en-de/services/refurbishment-used/used-machines
KUKA,https://www.cadence.com/en-de/future-production
KUKA,https://www.cadence.com/en-de/company/careers/school-students
KUKA,https://www.cadence.com/en-de/products/mobility
KUKA,https://www.cadence.com/en-de/products/production-systems/manufacturing-cells/kuka-cell4_arc-robot-cell-for-gas-arc-welding
KUKA,https://www.cadence.com/en-de/products/production-systems/standard-products-for-automation/hemming-systems
KUKA,https://www.cadence.com/en-de/products/robot-systems/software/application-software/kuka_tracc-tcp
KUKA,https://www.cadence.com/en-de/future-production/megatrends/customization
KUKA,https://www.cadence.com/en-de/company/about-kuka/brand/orange-intelligenz
KUKA,https://www.cadence.com/en-de/future-production/iiqka/iiqka-pre-launch-package/lbr-iisy
KUKA,https://www.cadence.com/zh-my/%e4%bc%81%e4%b8%9a/%e8%81%94%e7%b3%bb%e6%96%b9%e5%bc%8f/%e4%bc%81%e4%b8%9a%e8%81%94%e7%b3%bb%e6%96%b9%e5%bc%8f
KUKA,https://www.cadence.com/en-de/products/robot-systems/software/application-software/kuka-apptech
KUKA,https://www.cadence.com/en-de/products/robot-systems/software/application-software/kuka_gripper_spottech
KUKA,https://www.cadence.com/en-de/industries/automotive/electromobility
KUKA,https://www.cadence.com/en-de/company/about-kuka/strategy
KUKA,https://www.cadence.com/en-de/industries/health-care/kuka-medical-robotics/heavy-payloads
KUKA,https://www.cadence.com/en-de/products/robot-systems/industrial-robots
KUKA,https://www.cadence.com/en-de/company/about-kuka/corporate-compliance/corporate-compliance-officers
KUKA,https://www.cadence.com/nl-be/onderneming/contact/contact-kuka
KUKA,https://www.cadence.com/en-de/company/investor-relations/shares/shareholder-structure
KUKA,https://www.cadence.com/en-de/products/robot-systems/software/application-software/kuka_robospin
KUKA,https://www.cadence.com/en-de/future-production/mixed-reality
KUKA,https://www.cadence.com/en-de/future-production/industrie-4-0/industrie-4-0-introduction
KUKA,https://www.cadence.com/en-de/products/robot-systems/software/application-software/kuka-equalizingtech
KUKA,https://www.cadence.com/en-de/services/engineering/application-and-robot-programming
KUKA,https://www.cadence.com/en-de/products/robot-systems/software/system-software/iiqka_os
KUKA,https://www.cadence.com/en-de/company/events-and-webinars/kuka-virtuelle-werksf%c3%bchrungen
KUKA,https://www.cadence.com/en-de/company/investor-relations/shares
KUKA,https://www.cadence.com/en-de/company/careers/school-students/dual-studies/dual-integrated-studies-in-computer-engineering
KUKA,https://www.cadence.com/en-de/company/investor-relations/corporate-governance/opportunities-and-risk-report
KUKA,https://www.cadence.com/en-de/products/production-systems/manufacturing-cells/kuka-cell4_uswelding-ultrasonic-welding-cell
KUKA,https://www.cadence.com/en-de/industries/solutions-database
KUKA,https://www.cadence.com/ro-ro/companie/contact/formular-de-contact
KUKA,https://www.cadence.com/en-de/industries/metal-industry/spot-welding
KUKA,https://www.cadence.com/en-de/products/robot-systems/ready2_use/kuka-ready2_pilot
KUKA,https://www.cadence.com/en-de/industries/kuka-system-partners
KUKA,https://www.cadence.com/en-de/products/robot-systems/software/planning-project-engineering-service-safety/kuka_sim
KUKA,https://www.cadence.com/en-de/company/press/news
KUKA,https://www.cadence.com/en-de/company/careers/school-students/apprenticeship/warehouse-logistics-specialist
KUKA,https://www.cadence.com/en-de/products/robot-systems/robot-controllers/kr-c5
KUKA,https://www.cadence.com/en-de/company/about-kuka/strategy/diversity-management
KUKA,https://www.cadence.com/pl-pl/firma/kontakt/kontakt-kuka
KUKA,https://www.cadence.com/en-de/future-production/kuka-mission-2030
KUKA,https://www.cadence.com/en-de/industries/other-industries/entertainment-industry/amusement-rides/ready2_animate
KUKA,https://www.cadence.com/en-de/future-production/research-and-development/research-collaborations/vws4ls
KUKA,https://www.cadence.com/en-de/company/about-kuka/corporate-structure
KUKA,https://www.cadence.com/en-de/future-production/iiqka
KUKA,https://www.cadence.com/en-de/products/production-machines/contract-manufacturing
KUKA,https://www.cadence.com/en-de/products/robot-systems/software/application-software/kuka_perceptiontech
KUKA,https://www.cadence.com/en-de/products/production-systems/standard-products-for-automation/parts-feed/ks-pull-off-cart
KUKA,https://www.cadence.com/en-de/company/careers/karriere-in-der-midea-gruppe
KUKA,https://www.cadence.com/en-de/industries/health-care/partners
KUKA,https://www.cadence.com/en-de/products/production-systems/manufacturing-cells/kuka-cell4_fsw-friction-stir-welding-cell
KUKA,https://www.cadence.com/en-de/products/robot-systems/software/application-software
KUKA,https://www.cadence.com/en-de/products/production-systems/standard-products-for-automation/laser-optics
KUKA,https://www.cadence.com/en-hu/company/contact/sales-form
KUKA,https://www.cadence.com/en-de/products/robot-systems/software/application-software/kuka_hmi
KUKA,https://www.cadence.com/en-de/company/investor-relations/investor-relations-contact
KUKA,https://www.cadence.com/en-de/services/engineering
KUKA,https://www.cadence.com/en-de/services/service-for-robots-and-machines
KUKA,https://www.cadence.com/en-de/industries/consumer-goods-industry
KUKA,https://www.cadence.com/en-de/services/kuka-college/college-finder
KUKA,https://www.cadence.com/en-de/industries/health-care/kuka-medical-robotics/lbr-med
KUKA,https://www.cadence.com/en-de/services/service-for-robots-and-machines/remote-service
KUKA,https://www.cadence.com/en-de/products/robot-systems/ready2_use/kuka-ready2_arc
KUKA,https://www.cadence.com/en-de/products/robot-systems/software/application-software/kuka_touchsense
KUKA,https://www.cadence.com/en-de/products/production-systems/manufacturing-cells/kuka-cell4_cleaner_primer
KUKA,https://www.cadence.com/en-de/products/production-machines/rotary-friction-welding-machines/thompson
KUKA,https://www.cadence.com/en-de/products/production-machines/rotary-friction-welding-machines
KUKA,https://www.cadence.com/en-de/products/production-systems/manufacturing-cells/modular-kuka-cell4_die-casting-cell
KUKA,https://www.cadence.com/en-de/services/service-for-robots-and-machines/spare-parts
KUKA,"https://www.cadence.com/en-de/products/production-systems/technology-consulting/engineering-,-a-,-virtual-commissioning"
KUKA,https://www.cadence.com/zh-sg/%e4%bc%81%e4%b8%9a/%e8%81%94%e7%b3%bb%e6%96%b9%e5%bc%8f/sales-form
KUKA,https://www.cadence.com/en-de/future-production/research-and-development/research-collaborations/basys42
KUKA,https://www.cadence.com/en-de/industries/metal-industry/arc-welding/kuka-arc-welding-robots
KUKA,https://www.cadence.com/en-de/future-production/research-and-development/research-interests
KUKA,https://www.cadence.com/en-de/products/robot-systems/software/system-software
KUKA,https://www.cadence.com/en-de/products/production-systems/manufacturing-cells
KUKA,https://www.cadence.com/en-de/products/production-systems/manufacturing-cells/kuka-cell4_premachining
KUKA,https://www.cadence.com/en-de/products/robot-systems/kuka-education
KUKA,https://www.cadence.com/en-de/services/my-kuka
KUKA,https://www.cadence.com/en-de/products/robot-systems/robot-controllers/kr%c2%a0c4
KUKA,https://www.cadence.com/en-de/products/robot-systems/robot-periphery/positioners/kp1-h
KUKA,https://www.cadence.com/en-de/products/mobility/automated-guided-vehicle-systems
KUKA,https://www.cadence.com/en-de/products/robot-systems/kuka-ready-packs
KUKA,https://www.cadence.com/en-de/industries/other-industries/entertainment-industry/show-action/filmindustrie
KUKA,https://www.cadence.com/en-de/products/robot-systems/software/application-software/kuka-forcetorquecontrol
KUKA,https://www.cadence.com/en-de/products/production-machines/magnetarc-welding-machines/magnetar
KUKA,https://www.cadence.com/en-de/products/robot-systems/software/hub-technologies/kuka_roboteam
KUKA,https://www.cadence.com/en-de/products/robot-systems/robot-periphery/positioners/kp1-v
KUKA,https://www.cadence.com/en-de/products/production-systems/standard-products-for-automation/parts-feed/ks-rack-changer
KUKA,https://www.cadence.com/en-de/products/robot-systems/software/application-software/kuka-cnc-sinumerik
KUKA,https://www.cadence.com/en-de/products/production-machines/rotary-friction-welding-machines/picus
KUKA,https://www.cadence.com/en-de/products/production-machines/magnetarc-welding-machines
KUKA,https://www.cadence.com/en-de/products/process-technologies
KUKA,https://www.cadence.com/en-de/products/production-systems/standard-products-for-automation/plant-systems
KUKA,https://www.cadence.com/en-de/products/robot-systems/software/application-software/kuka-conveyortech
KUKA,https://www.cadence.com/en-de/services/service-for-robots-and-machines/on-site-service
KUKA,https://www.cadence.com/en-de/products/robot-systems/software/application-software/kuka_arctech
KUKA,https://www.cadence.com/en-de/services/engineering/3d-offline-simulation
KUKA,https://www.cadence.com/en-de/services/refurbishment-used/kuka-used-robots
KUKA,https://www.cadence.com/en-de/products/robot-systems/robot-periphery/positioners/kp5-v2s2v
KUKA,https://www.cadence.com/en-de/products/robot-systems/ready2_use/occubot
KUKA,https://www.cadence.com/en-de/products/robot-systems/robot-controllers/kuka-smartpad-pro
KUKA,https://www.cadence.com/en-de/products/robot-systems/software/application-software/kuka_seamtech
KUKA,"https://www.cadence.com/en-de/products/robot-systems/software/hub-technologies/kuka,-d-,plc-mxautomation"
KUKA,https://www.cadence.com/en-de/services/kuka-college/kuka-online-seminars
KUKA,https://www.cadence.com/en-de/products/robot-systems/robot-periphery/energy-supply-systems
KUKA,https://www.cadence.com/en-de/products/production-systems/automotive-systems-engineering
KUKA,https://www.cadence.com/en-de/products/robot-systems/robot-periphery/positioners/kp2-hv500
KUKA,https://www.cadence.com/en-de/products/robot-systems/robot-periphery/positioners/customer-specific-positioners
KUKA,https://www.cadence.com/en-de/products/robot-systems/robot-periphery/positioners/kp1-v2t-m
KUKA,https://www.cadence.com/en-de/future-production/research-and-development/research-collaborations/ioc
KUKA,https://www.cadence.com/en-de/products/robot-systems/software/application-software/kuka_processscreen
KUKA,https://www.cadence.com/en-de/industries/metal-industry/foundry-and-forging-industry/kuka-foundry-robots
KUKA,https://www.cadence.com/en-de/industries/health-care/kuka-medical-robotics/sunrise_os-med
KUKA,https://www.cadence.com/en-de/products/robot-systems/software/application-software/kuka_lasertech
KUKA,https://www.cadence.com/en-de/products/robot-systems/robot-controllers/krc-robotstar
KUKA,https://www.cadence.com/en-de/future-production/iiqka/iiqka-pre-launch-package/kuka-smartpad-pro
KUKA,https://www.cadence.com/en-de/products/robot-systems/robot-periphery/linear-units
KUKA,https://www.cadence.com/en-de/products/mobility/mobile-robots/kuka-flexfellow/kuka-flexfellow-family
KUKA,https://www.cadence.com/en-de/products/mobility/automated-guided-vehicle-systems/agvs-system-integration
KUKA,https://www.cadence.com/en-de/industries/other-industries/entertainment-industry/amusement-rides/kr-passenger
KUKA,https://www.cadence.com/en-de/products/production-systems/standard-products-for-automation/plant-systems/ks-framer
KUKA,https://www.cadence.com/en-de/products/robot-systems/robot-periphery/positioners/kp3-v2h
KUKA,https://www.cadence.com/en-de/products/production-systems/standard-products-for-automation/plant-systems/ks-turnflex
KUKA,https://www.cadence.com/en-de/products/mobility/navigation-solution
KUKA,https://www.cadence.com/en-de/products/robot-systems/robot-controllers/smartpad
KUKA,https://www.cadence.com/en-de/products/production-systems/standard-products-for-automation/plant-systems/ks-trunnion
KUKA,https://www.cadence.com/en-de/products/production-systems/standard-products-for-automation/ks-flexroller
KUKA,https://www.cadence.com/en-de/industries/e-commerce
KUKA,https://www.cadence.com/en-de/products/production-machines/foundry-products/spotting-press
KUKA,https://www.cadence.com/en-de/products/production-systems/standard-products-for-automation/plant-systems/ks-pulse
KUKA,https://www.cadence.com/en-de/industries/other-industries/entertainment-industry/show-action
KUKA,https://www.cadence.com/en-de/industries/other-industries/entertainment-industry/amusement-rides
KUKA,https://www.cadence.com/en-de/company/about-kuka/sustainability/human-rights
KUKA,https://www.cadence.com/en-de/products/robot-systems/robot-periphery
KUKA,https://www.cadence.com/en-de/products/robot-systems/robot-periphery/positioners
KUKA,https://www.cadence.com/en-de/products/robot-systems
KUKA,https://www.cadence.com/en-de/products/robot-systems/software/system-software/sunriseos
KUKA,https://www.cadence.com/en-de/products/robot-systems/robot-controllers/kuka-sunrise-cabinet
KUKA,https://www.cadence.com/en-de/company/about-kuka/management/executive-board
KUKA,https://www.cadence.com/en-de/services
KUKA,https://www.cadence.com/de-ch/unternehmen/kontakt/kontaktformular
KUKA,https://www.cadence.com/en-de/products/robot-systems/software/application-software/kuka_robotsensorinterface
KUKA,https://www.cadence.com/en-de/services/kuka-college/kuka-e-learning
KUKA,https://www.cadence.com/en-de/products/robot-systems/software/system-software/kuka_systemsoftware/kuka_work-visual
KUKA,https://www.cadence.com/en-de/services/downloads
KUKA,https://www.cadence.com/en-de/services/technical-hotline-consulting
KUKA,https://www.cadence.com/ja-jp/%e4%bc%9a%e7%a4%be%e6%a6%82%e8%a6%81/%e3%81%8a%e5%95%8f%e3%81%84%e5%90%88%e3%82%8f%e3%81%9b/kuka%e7%a4%be%e3%81%b8%e3%81%ae%e3%81%8a%e5%95%8f%e3%81%84%e5%90%88%e3%82%8f%e3%81%9b
KUKA,https://www.cadence.com/en-de/products/production-machines/foundry-products/pillar-press
KUKA,https://www.cadence.com/en-de/products/production-machines/rotary-friction-welding-machines/contract-manufacturing-with-rotary-friction-welding
KUKA,https://www.cadence.com/en-de/services/service-for-robots-and-machines/servicing-and-maintenance/servicing-and-maintenance-for-kuka-robots
KUKA,https://www.cadence.com/en-de/industries/other-industries/entertainment-industry/service-applications
KUKA,https://www.cadence.com/en-de/industries/other-industries/energy
KUKA,https://www.cadence.com/en-de/products/robot-systems/robot-periphery/positioners/kp1-mb
KUKA,https://www.cadence.com/en-de/company/contact/contact-form
KUKA,https://www.cadence.com/en-de/services/refurbishment-used
KUKA,https://www.cadence.com/en-de/products/robot-systems/robot-periphery/positioners/kp3-v2md
KUKA,https://www.cadence.com/en-de/products/robot-systems/software/system-software/kuka_systemsoftware
KUKA,https://www.cadence.com/en-de/products/robot-systems/software/hub-technologies
KUKA,https://www.cadence.com/en-de/products/robot-systems/software/hub-technologies/kuka_safeoperation
KUKA,https://www.cadence.com/en-de/future-production/iiqka/iiqka-pre-launch-package/iiqka_os
KUKA,https://www.cadence.com/en-de/industries/automotive
KUKA,https://www.cadence.com/en-de/products/production-systems/standard-products-for-automation/plant-systems/ks-nozzle-cleaner
KUKA,https://www.cadence.com/en-de/industries/electronics-industry/automation-in-semiconductor-fabrication
KUKA,https://www.cadence.com/en-de/company/careers/kuka-as-an-employer/training-center
KUKA,https://www.cadence.com/en-de/company/careers/kuka-as-an-employer
KUKA,https://www.cadence.com/en-de/products/production-machines/foundry-products/cooling-basins
KUKA,https://www.cadence.com/en-de/products/production-systems/standard-products-for-automation/kuka-laserspy
KUKA,https://www.cadence.com/en-de/services/refurbishment-used/customer-solutions-and-modernization
KUKA,https://www.cadence.com/cs-cz/firma/kontakt/kontakt
KUKA,https://www.cadence.com/en-de/products/robot-systems/ready2_use
KUKA,https://www.cadence.com/en-be/company/contact/contact-form
KUKA,https://www.cadence.com/en-de/future-production/research-and-development/research-collaborations/opera
KUKA,https://www.cadence.com/en-de/future-production/industrie-4-0/industrie-4-0-glossary
KUKA,https://www.cadence.com/en-de/future-production/research-and-development/research-collaborations/cosimo
KUKA,https://www.cadence.com/en-de/company
KUKA,https://www.cadence.com/en-de/company/careers/vacancies
KUKA,https://www.cadence.com/en-de/company/careers/students/internship-for-students
KUKA,https://www.cadence.com/en-de/company/careers/school-students/apprenticeship
KUKA,https://www.cadence.com/en-de/company/careers/school-students/dual-studies/dual-integrated-studies-in-business-information-systems
KUKA,https://www.cadence.com/en-de/industries/electronics-industry
KUKA,https://www.cadence.com/en-de/industries/metal-industry
KUKA,https://www.cadence.com/en-de/products/robot-systems/robot-periphery/positioners/kp2-sv
KUKA,https://www.cadence.com/en-de/products/production-machines/foundry-products/gravity-die-casting-machine
KUKA,https://www.cadence.com/en-de/industries/health-care/downloads
KUKA,https://www.cadence.com/en-de/products/production-systems/standard-products-for-automation/ks-robot-pedestals
KUKA,https://www.cadence.com/en-de/products/mobility/mobile-platforms/kmp-1500
KUKA,https://www.cadence.com/en-de/products/production-systems/standard-products-for-automation/parts-feed/ks-drawer
KUKA,https://www.cadence.com/en-de/future-production/megatrends
KUKA,https://www.cadence.com/en-de/future-production/industrie-4-0/industry-4-0-digital-domains
KUKA,https://www.cadence.com/en-de/future-production/research-and-development/research-collaborations/eit-manufacturing
KUKA,https://www.cadence.com/en-de/future-production/research-and-development/kuka-innovation-award
KUKA,https://www.cadence.com/en-de/company/careers/school-students/apprenticeship/technical-product-designer
KUKA,https://www.cadence.com/en-de/company/careers/school-students/dual-studies/co-operative-education-program-in-mechatronics
KUKA,https://www.cadence.com/en-de/products/mobility/mobile-robots
KUKA,https://www.cadence.com/en-de/products/production-systems/automotive-systems-engineering/paint-shop
KUKA,https://www.cadence.com/en-de/future-production/iiqka/iiqka-ecosystem
KUKA,https://www.cadence.com/en-de/future-production/megatrends/scarcity-of-resources
KUKA,https://www.cadence.com/en-de/company/careers/school-students/apprenticeship/industrial-clerk
KUKA,https://www.cadence.com/en-de/services/kuka-college/global-standards
KUKA,https://www.cadence.com/en-de/industries/health-care/news-and-events
KUKA,https://www.cadence.com/en-de/products/robot-systems/used-rbots-please-do-not-link
KUKA,https://www.cadence.com/en-de/products/production-machines/rotary-friction-welding-machines/kuka-invictus
KUKA,https://www.cadence.com/en-de/products/production-systems/standard-products-for-automation
KUKA,https://www.cadence.com/en-de/products/robot-systems/robot-periphery/positioners/kp1-md
KUKA,https://www.cadence.com/en-de/products/mobility/kuka-omnimove-drive-technology
KUKA,https://www.cadence.com/en-de/services/service-for-robots-and-machines/cybersecurity
KUKA,https://www.cadence.com/en-de/services/customer-service-contacts
KUKA,https://www.cadence.com/en-de/future-production/research-and-development/research-collaborations/petra
KUKA,https://www.cadence.com/en-de/company/careers/graduates
KUKA,https://www.cadence.com/en-de/company/careers/career-faqs
KUKA,https://www.cadence.com/en-de/company/investor-relations/corporate-governance/managers-transactions
KUKA,https://www.cadence.com/en-de/company/investor-relations/financial-calendar
KUKA,https://www.cadence.com/en-de/company/about-kuka/strategy/vision-and-mission
KUKA,https://www.cadence.com/en-de/company/about-kuka/sustainability/digital-future
KUKA,https://www.cadence.com/en-de/company/about-kuka/corporate-compliance/corporate-compliance-at-kuka
KUKA,https://www.cadence.com/es-es/empresa/contacto/contacto
KUKA,https://www.cadence.com/en-se/company/contact/contact-form
KUKA,https://www.cadence.com/pt-br/empresa/contato/contato-kuka
KUKA,https://www.cadence.com/hu-hu/v%c3%a1llalat/kapcsolat/kapcsolat
KUKA,https://www.cadence.com/it-it/azienda/contatto/contatto-con-kuka
KUKA,https://www.cadence.com/sv-se/f%c3%b6retag/kontakt/kontakta-kuka
KUKA,https://www.cadence.com/fr-ch/notre-entreprise/contact/contact-kuka
KUKA,https://www.cadence.com/en-de/privacy
KUKA,https://www.cadence.com/en-de/privacy/cookie-settings
KUKA,https://www.cadence.com/en-de/products/robot-systems/software/application-software/kuka_visiontech
KUKA,https://www.cadence.com/en-de/products/production-systems/standard-products-for-automation/parts-feed
KUKA,https://www.cadence.com/en-de/future-production/industrie-4-0
KUKA,https://www.cadence.com/en-de/company/press/press-contacts
KUKA,https://www.cadence.com/en-de/company/events-and-webinars/events
KUKA,https://www.cadence.com/en-de/company/about-kuka/management
KUKA,https://www.cadence.com/en-de/company/about-kuka/sustainability/compliance
KUKA,https://www.cadence.com/en-sg/company/contact/sales-form
KUKA,https://www.cadence.com/th-th/%e0%b8%9a%e0%b8%a3%e0%b8%b4%e0%b8%a9%e0%b8%b1%e0%b8%97/%e0%b8%95%e0%b8%b4%e0%b8%94%e0%b8%95%e0%b9%88%e0%b8%ad%e0%b9%80%e0%b8%a3%e0%b8%b2/%e0%b8%81%e0%b8%b2%e0%b8%a3%e0%b8%95%e0%b8%b4%e0%b8%94%e0%b8%95%e0%b9%88%e0%b8%ad
KUKA,https://www.cadence.com/en-de/company/contact/window.print()
KUKA,https://www.cadence.com/en-us/company/contact/contact-form
KUKA,https://www.cadence.com/es-mx/empresa/contacto/contacto
KUKA,https://www.cadence.com/en-de/imprint
KUKA,https://www.cadence.com/en-de/company/investor-relations/corporate-governance/declaration-of-compliance
KUKA,https://www.cadence.com/en-de/company/careers/school-students/dual-studies/co-operative-education-program-in-mechanical-engineering
KUKA,https://www.cadence.com/en-de/company/investor-relations/equity-story
KUKA,https://www.cadence.com/en-de/company/investor-relations/shares/takeover-offer-midea-mecca
KUKA,https://www.cadence.com/en-de/company/about-kuka/brand/sport-sponsoring
KUKA,https://www.cadence.com/en-de/industries/other-industries/entertainment-industry
KUKA,https://www.cadence.com/en-de/products/robot-systems/software/cloud-software/kuka-robot-selector
KUKA,https://www.cadence.com/en-de/products/mobility/mobile-robots/kmr-quantec
KUKA,https://www.cadence.com/en-de/future-production/megatrends/digitalization
KUKA,https://www.cadence.com/en-de/services/system-service
KUKA,https://www.cadence.com/en-de/company/careers/kuka-as-an-employer/how-to-apply
KUKA,https://www.cadence.com/en-de/company/investor-relations/shares/share-statistics
KUKA,https://www.cadence.com/en-de/company/investor-relations/corporate-governance/corporate-governance-statement
KUKA,https://www.cadence.com/en-de/company/about-kuka/history
KUKA,https://www.cadence.com/en-de/company/about-kuka/brand/timo-boll
KUKA,https://www.cadence.com/fr-fr/notre-entreprise/contact/contact-kuka
KUKA,https://www.cadence.com/sk-sk/firma/kontakt/kontakt
KUKA,https://www.cadence.com/zh-tw/%e5%85%ac%e5%8f%b8/%e8%81%af%e7%b5%a1%e6%96%b9%e5%bc%8f/%e8%81%af%e7%b9%ab
KUKA,https://www.cadence.com/en-de/future-production/research-and-development/current-topics-from-the-world-of-research
KUKA,https://www.cadence.com/en-cn/company/contact/contact-form
KUKA,https://www.cadence.com/en-de/products/production-systems/manufacturing-cells/kuka-cell4_screwsetting-screwing-cell
KUKA,https://www.cadence.com/en-ch/company/contact/contact-form
KUKA,https://www.cadence.com/en-de/future-production/research-and-development/research-collaborations/arena2036
KUKA,https://www.cadence.com/en-de/products/robot-systems/software/application-software/kuka-hrc-guide-app
KUKA,https://www.cadence.com/fr-be/notre-entreprise/contact/contact-kuka
KUKA,https://www.cadence.com/en-de/company/about-kuka
KUKA,https://www.cadence.com/en-de/company/careers/school-students/school-student-internship
KUKA,https://www.cadence.com/en-de/company/iimagazine
KUKA,https://www.cadence.com/en-de/future-production/iiqka/iiqka-pre-launch-package
KUKA,https://www.cadence.com/en-de/company/events-and-webinars/webinars
KUKA,https://www.cadence.com/en-de/company/careers/school-students/dual-studies/co-operative-education-program-in-business-administration
KUKA,https://www.cadence.com/en-de/company/about-kuka/sustainability/ecological-responsibility
KUKA,https://www.cadence.com/en-de/company/kuka-locations
KUKA,https://www.cadence.com/en-my/company/contact/contact-form
KUKA,https://www.cadence.com/en-de/products/robot-systems/robot-periphery/linear-units/kl-250-3
KUKA,https://www.cadence.com/fr-ca/notre-entreprise/contact/contact-kuka
KUKA,https://www.cadence.com/en-de/future-production/industrie-4-0/industrie-4-0-smartproduction
KUKA,https://www.cadence.com/en-de/company/careers/school-students/apprenticeship/business-administrator-for-shipping-and-logistics-services
KUKA,https://www.cadence.com/en-de/company/press
KUKA,https://www.cadence.com/tr-tr/%c5%9firket/%c4%b0leti%c5%9fim/kuka-temas
KUKA,https://www.cadence.com/en-de/company/investor-relations/general-meeting
KUKA,https://www.cadence.com/pt-pt/empresa/contato/contato-kuka
KUKA,https://www.cadence.com/en-de/services/kuka-college
KUKA,https://www.cadence.com/en-de/future-production/research-and-development/research-collaborations/robomove-3d
KUKA,https://www.cadence.com/en-de/company/contact/+49 821 797-0
KUKA,https://www.cadence.com/en-de/company/careers/students/working-students
KUKA,https://www.cadence.com/en-de/company/about-kuka/brand
LifeWorks,https://www.lifeworks.com
Lytho,http://www.lytho.com
Lytho,https://www.cadence.com/blog
Lytho,https://www.cadence.com/tags/Meshing Monday
Lytho,https://www.cadence.com/tags/simulation software
Lytho,https://www.cadence.com/cadence_blogs_8/b/cfdjp
Lytho,https://www.cadence.com/tags/Women at Cadence
Lytho,https://www.cadence.com/cadence_blogs_8/
Lytho,https://www.cadence.com/tags/Layout SiP
Lytho,https://www.cadence.com/tags/Virtuoso Meets Maxwell
Lytho,https://www.cadence.com/tags/Virtuoso RF Solution
Lytho,https://www.cadence.com/tags/Assisted Export
Lytho,https://www.cadence.com/tags/SiP Layout Option
Lytho,https://www.cadence.com/tags/unsteady flow
Lytho,https://www.cadence.com/tags/Virtuoso Analog Design Environment
Lytho,https://www.cadence.com/tags/hot chips
Lytho,https://www.cadence.com/tags/structured grids
Lytho,https://www.cadence.com/tags/concurrent layout editing
Lytho,https://www.cadence.com/tags/virtual twin
Lytho,https://www.cadence.com/tags/EM-based model
Lytho,https://www.cadence.com/tags/chips act
Lytho,https://www.cadence.com/tags/Integrated Metrics Center
Lytho,https://www.cadence.com/tags/Functional Verification
Lytho,https://www.cadence.com/tags/ASIC flow
Lytho,https://www.cadence.com/tags/physical design
Lytho,https://www.cadence.com/tags/physical implementation
Lytho,https://www.cadence.com/tags/CFD Applications
Lytho,https://www.cadence.com/cadence_blogs_8/b/rfmda
Lytho,https://www.cadence.com/cadence_blogs_8/b/cic
Lytho,https://www.cadence.com/cadence_blogs_8/b/ta
Lytho,https://www.cadence.com/tags/X-model
Lytho,https://www.cadence.com/tags/multi-processor
Lytho,https://www.cadence.com/tags/austria
Lytho,https://www.cadence.com/login.html
Lytho,https://www.cadence.com/tags/LEC
Lytho,https://www.cadence.com/members/anandd
Lytho,https://www.cadence.com/tags/spacex
Lytho,https://www.cadence.com/tags/Fidelity CFD
Lytho,https://www.cadence.com/tags/women in tech
Lytho,https://www.cadence.com/tags/Enablement GUI
Lytho,https://www.cadence.com/tags/Assisted Import
Lytho,https://www.cadence.com/tags/Quantus Extraction Solution
Lytho,https://www.cadence.com/tags/EMIR Simulation
Lytho,https://www.cadence.com/tags/Mesh Generation
Lytho,https://www.cadence.com/tags/test bench
Lytho,https://www.cadence.com/tags/Static timing analysis
Lytho,https://www.cadence.com/tags/america's cup
Lytho,https://www.cadence.com/tags/design rule violations
Lytho,https://www.cadence.com/tags/EMIR Analysis
Lytho,https://www.cadence.com/tags/naval archicture
Lytho,https://www.cadence.com/tags/structured meshing
Lytho,https://www.cadence.com/tags/AWR Design Environment
Lytho,https://www.cadence.com/tags/code coverage
Lytho,https://www.cadence.com/tags/Design specifications
Lytho,https://www.cadence.com/tags/Allegro PCB Editor
Lytho,https://www.cadence.com/cadence_blogs_8/b/fv
Lytho,https://www.cadence.com/cadence_blogs_8/b/pcbicjapan
Lytho,https://www.cadence.com/tags/DFT
Lytho,https://www.cadence.com/tags/VIP
Lytho,https://www.cadence.com/cadence_blogs_8/b/spotlight-taiwan
Lytho,https://www.cadence.com/tags/Floorplanning
Lytho,https://www.cadence.com/tags/RTL
Lytho,https://www.cadence.com/cadence_blogs_8/b/rfjapan
Lytho,https://www.cadence.com/cadence_blogs_8/b/breakfast-bytes
Lytho,https://www.cadence.com/members/teamawr
Lytho,https://www.cadence.com/tags/F1
Lytho,https://www.cadence.com/tags/gds
Lytho,https://www.cadence.com/tags/GDSII
Lytho,https://www.cadence.com/tags/CXL
Lytho,https://www.cadence.com/tags/xcelium
Lytho,https://www.cadence.com/tags/Innovus
Lytho,https://www.cadence.com/cadence_blogs_8/b/ip
Lytho,https://www.cadence.com/tags/17.4
Lytho,https://www.cadence.com/cadence_blogs_8/b/pcb
Lytho,https://www.cadence.com/tags/power
Lytho,https://www.cadence.com/cadence_blogs_8/b/spia
Lytho,https://www.cadence.com/cadence_blogs_8/b/solutions
Lytho,https://www.cadence.com/cadence_blogs_8/b/jpcbd
Lytho,https://www.cadence.com/cadence_blogs_8/b/ic-cn
Lytho,https://www.cadence.com/cadence_blogs_8/b/ida
Lytho,https://www.cadence.com/tags/Verification IP
Lytho,https://www.cadence.com/tags/Physical Verification System (PVS)
Lytho,https://www.cadence.com/tags/inclusion
Lytho,https://www.cadence.com/tags/Marine Engineering
Lytho,https://www.cadence.com/tags/nlh
Lytho,https://www.cadence.com/tags/sunday brunch
Lytho,https://www.cadence.com/tags/CLE
Lytho,https://www.cadence.com/members/rf-design-japan
Lytho,https://www.cadence.com/tags/scan
Lytho,https://www.cadence.com/tags/cadence learning and support
Lytho,https://www.cadence.com/tags/NUMECA
Lytho,https://www.cadence.com/tags/silkscreen
Lytho,https://www.cadence.com/cadence_blogs_8/b/india-circuit
Lytho,https://www.cadence.com/cadence_blogs_8/b/jcid
Lytho,https://www.cadence.com/tags/quilting
Lytho,https://www.cadence.com/tags/STEM
Lytho,https://www.cadence.com/tags/Culture
Lytho,https://www.cadence.com/tags/Virtuoso
Lytho,https://www.cadence.com/tags/Visual System Simulator(VSS)
Lytho,https://www.cadence.com/tags/conformal
Lytho,https://www.cadence.com/tags/Virtuosity
Lytho,https://www.cadence.com/tags/turbomachinery
Lytho,https://www.cadence.com/tags/Timing analysis
Lytho,https://www.cadence.com/tags/RTL-to-GDSII
Lytho,https://www.cadence.com/tags/NUMFLO
Lytho,https://www.cadence.com/tags/japanese blog
Lytho,https://www.cadence.com/tags/Cadence Education Services
Lytho,https://www.cadence.com/tags/UI
Lytho,https://www.cadence.com/tags/dassault syst√®mes
Lytho,https://www.cadence.com/tags/engineering
Lytho,https://www.cadence.com/tags/Tempus
Lytho,https://www.cadence.com/cadence_blogs_8/b/corporate
Lytho,https://www.cadence.com/tags/dsrc
Lytho,https://www.cadence.com/tags/ICADVM20.1
Lytho,https://www.cadence.com/tags/RTL2GDSII
Lytho,https://www.cadence.com/tags/SDF
Lytho,https://www.cadence.com/p/benefits
Lytho,https://www.cadence.com/cadence_blogs_8/b/ea
Lytho,https://www.cadence.com/tags/Silicon Signoff and Verification
Lytho,https://www.cadence.com/tags/fully assisted
Lytho,https://www.cadence.com/tags/Meshing
Lytho,https://www.cadence.com/tags/Cadence Online Support
Lytho,https://www.cadence.com/cadence_blogs_8/b/design-chronicles
Lytho,https://www.cadence.com/tags/space
Lytho,https://www.cadence.com/tags/women in engineering
Lytho,https://www.cadence.com/tags/PVS
Lytho,https://www.cadence.com/tags/cadencelive
Lytho,https://www.cadence.com/tags/VLSI
Lytho,https://www.cadence.com/tags/signoff
Lytho,https://www.cadence.com/tags/Custom IC Design
Lytho,https://www.cadence.com/tags/cadencelive 2022
Lytho,https://www.cadence.com/tags/Equivalence Checking
Lytho,https://www.cadence.com/tags/Assisted Flows
Lytho,https://www.cadence.com/tags/EM simulation
Lytho,https://www.cadence.com/tags/microwave office
Lytho,https://www.cadence.com/tags/Logic Design
Lytho,https://www.cadence.com/tags/FINE Marine
Lytho,https://www.cadence.com/cadence_blogs_8/b/ctzcn
Lytho,https://www.cadence.com/tags/Genus
Lytho,https://www.cadence.com/tags/offtopic
Lytho,https://www.cadence.com/tags/VRF
Lytho,https://www.cadence.com/tags/ECO
Lytho,https://www.cadence.com/tags/parasitics
Lytho,https://www.cadence.com/cadence_blogs_8/b/pcbchn
Lytho,https://www.cadence.com/cadence_blogs_8/b/sd
Lytho,https://www.cadence.com/members/michelle-hoffmann
Lytho,https://www.cadence.com/tags/dac59
Lytho,https://www.cadence.com/tags/digital flow
Lytho,https://www.cadence.com/cadence_blogs_8/b/life-at-cadence
Lytho,https://www.cadence.com/cadence_blogs_8/b/on-the-beat
Lytho,https://www.cadence.com/tags/Layout versus schematic
Lytho,https://www.cadence.com/tags/Synergize with CLE
Lytho,https://www.cadence.com/tags/Cadence blogs
Lytho,https://www.cadence.com/tags/training
Lytho,https://www.cadence.com/cadence_blogs_8/b/pkg
Lytho,https://www.cadence.com/tags/Gate level simualtion
Lytho,https://www.cadence.com/members/joy-han
Lytho,https://www.cadence.com/tags/3D Canvas
Lytho,https://www.cadence.com/tags/Digital Implementation
Lytho,https://www.cadence.com/tags/Viltuoso MultiTech Framework
Lytho,https://www.cadence.com/tags/DEI
Lytho,https://www.cadence.com/tags/RF design
Lytho,https://www.cadence.com/members/gauravj
Lytho,https://www.cadence.com/cadence_blogs_8/b/lp
Lytho,https://www.cadence.com/tags/hotchips2022
Lytho,https://www.cadence.com/cadence_blogs_8/b/can
Lytho,https://www.cadence.com/tags/EMIR Extraction
Lytho,https://www.cadence.com/cadence_blogs_8/b/di
Lytho,https://www.cadence.com/tags/Computational Fluid Dynamics
Lytho,https://www.cadence.com/members/corporate
Lytho,https://www.cadence.com/tags/CFD
Lytho,https://www.cadence.com/tags/Circuit simulation
Lytho,https://www.cadence.com/tags/Signoff Analysis
Lytho,https://www.cadence.com/tags/Visual System Simulator (VSS)
Lytho,https://www.cadence.com/cadence_blogs_8/b/spi
Lytho,https://www.cadence.com/tags/System Design Environment
Lytho,https://www.cadence.com/members/p-saisrinivas
Lytho,https://www.cadence.com/tags/women
Lytho,https://www.cadence.com/tags/ATPG
Lytho,https://www.cadence.com/tags/marine design
Market Recruitment Ltd,http://www.market-recruitment.co.uk
Market Recruitment Ltd,http://www.trimble.com/location/newbury-recruiter/
Market Recruitment Ltd,http://www.trimble.com/location/farnborough-recruiter/
Market Recruitment Ltd,http://www.trimble.com/location/london-recruiter/
Market Recruitment Ltd,http://www.trimble.com/privacy-policy
Market Recruitment Ltd,http://www.trimble.com/location/reading-recruiter/
Market Recruitment Ltd,http://www.trimble.com/terms/
Market Recruitment Ltd,http://www.trimble.com/cdn-cgi/l/email-protection
Market Recruitment Ltd,http://www.trimble.com/cookie-policy/
Market Recruitment Ltd,http://www.trimble.com
Market Recruitment Ltd,http://www.trimble.com/location/cornwall-recruiter/
Market Recruitment Ltd,http://www.trimble.com/privacy-policy/
Market Recruitment Ltd,http://www.trimble.com/resources
Market Recruitment Ltd,http://www.trimble.com/location/slough-recruiter
Masterspace,https://www.masterspace.io/
Matillion,http://www.matillion.com
Menlo Security Inc.,https://www.menlosecurity.com
Menlo Security Inc.,http://www.remithq.com/650 695-0695
Menlo Security Inc.,http://www.remithq.com/management/
Menlo Security Inc.,http://www.remithq.com/product/cloud-firewall/
Menlo Security Inc.,http://www.remithq.com/contact/
Menlo Security Inc.,http://www.remithq.com/privacy-policy/
Menlo Security Inc.,http://www.remithq.com/compliance/
Menlo Security Inc.,http://www.remithq.com/training/
Menlo Security Inc.,http://www.remithq.com/solution/securing-access-to-saas-platforms/
Menlo Security Inc.,http://www.remithq.com/life-at-menlo/
Menlo Security Inc.,http://www.remithq.com/why-menlo/
Menlo Security Inc.,http://www.remithq.com/solution/securing-mobile-work/
Menlo Security Inc.,http://www.remithq.com/solution/securing-federal-agencies/
Menlo Security Inc.,http://www.remithq.com/blog/
Menlo Security Inc.,http://www.remithq.com/product/secure-web-gateway/
Menlo Security Inc.,http://www.remithq.com/product/data-loss-prevention/
Menlo Security Inc.,http://www.remithq.com/product/remote-browser-isolation/
Menlo Security Inc.,http://www.remithq.com/ 1 650 695 0695
Menlo Security Inc.,http://www.remithq.com/platform-overview/
Menlo Security Inc.,http://www.remithq.com/customer-support/
Menlo Security Inc.,http://www.remithq.com/solution/secure-microsoft-365-google-workspace/
Menlo Security Inc.,http://www.remithq.com/solution/neutralize-malicious-document-downloads/
Menlo Security Inc.,http://www.remithq.com/product/email-isolation/
Menlo Security Inc.,http://www.remithq.com/cdn-cgi/l/email-protection
Menlo Security Inc.,http://www.remithq.com/solution/enable-vpn-split-tunneling/
Menlo Security Inc.,http://www.remithq.com/solution/protecting-banking-and-financial-networks/
Menlo Security Inc.,http://www.remithq.com/solution/migrate-on-premise-proxy-to-swg/
Menlo Security Inc.,http://www.remithq.com/solution/implement-secure-access-service-edge-sase/
Menlo Security Inc.,http://www.remithq.com/solution/gain-visibility-and-control-over-data-loss/
Menlo Security Inc.,http://www.remithq.com/brighttalk-channel/
Menlo Security Inc.,http://www.remithq.com/eula/
Menlo Security Inc.,http://www.remithq.com/why-menlo
Menlo Security Inc.,http://www.remithq.com/partners/
Menlo Security Inc.,http://www.remithq.com/solution/secure-remote-work/
Menlo Security Inc.,http://www.remithq.com/solution-overview/
Menlo Security Inc.,http://www.remithq.com/menlo-labs/
Menlo Security Inc.,http://www.remithq.com/solution/eliminate-phishing-and-ransomware/
Menlo Security Inc.,http://www.remithq.com/product/isolation-security-operations-center/
Menlo Security Inc.,http://www.remithq.com
Menlo Security Inc.,http://www.remithq.com/product/cloud-access-security-broker
Menlo Security Inc.,http://www.remithq.com/product-overview/
MetaLabs LLC,https://metalabs.technology/
MetaLabs LLC,http://www.remithq.com/
MetaLabs LLC,http://www.remithq.com/team
MetaLabs LLC,http://www.remithq.com/careers
Milestone Systems,http://www.milestonesys.com
Mutual of Omaha,https://www.mutualofomaha.com/
Neustar Security Services,https://www.home.neustar/security-solutions
Neustar Security Services,https://www.cadence.com/void(0)
Neustar Security Services,https://www.cadence.com/security-solutions
NMI,http://www.nmi.com
Nostra,http://nostra.ai/
OpenSesame,https://www.opensesame.com
Optimizely,https://www.optimizely.com/
Optimizely,https://www.ebayinc.com/insights/experimentation/
Optimizely,https://www.ebayinc.com/insights/dxp/
Optimizely,https://www.ebayinc.com/legal/privacy-policy/
Prevalent - Third-Party Risk Management,https://www.prevalent.net/contact-us/
PRI Technology,http://www.pritechnology.com
Promethium,http://www.pm61data.com
Redwood Software,https://www.redwood.com
Redwood Software,http://www.remithq.com/
Redwood Software,http://www.remithq.com
Redwood Software,http://www.remithq.com/cdn-cgi/l/email-protection
Regal Cloud,http://www.regal-personnel.co.uk
Regal Cloud,https://www.cadence.com/enquiries@regal-cloud.com
Remit Resources,http://www.remithq.com
Robin AI,http://robinai.co.uk
Ruth Miskin Training,https://www.ruthmiskin.com/en/about-us/mission/
Sectech Solutions,http://www.sectechsolutions.co.uk
SenseOn,http://www.senseon.io/test-drive
Smart IMS Inc.,http://www.smartims.com/
Stanford Black Limited,http://www.stanfordblack.com
Talentify.io,https://www.talentify.io
"Tasso, Inc.",http://www.tassoinc.com
TDA Telecoms,https://www.tdatelecom.com/
Tektronix,https://www.tek.com/
Telivy,https://www.telivy.com/
The FeedMe App,http://www.thefeedmeapp.com
totcom,http://www.totcom.com
TRIA,http://www.triarecruitment.com/
Trimble Inc.,http://www.trimble.com
UserWise,https://www.userwise.io/
Verb‚Ñ¢,http://verb.work
